5894948D12864D9E1B674D78F0868AE4,77007727858@s.whatsapp.net,text,Love,2024-06-12 22:37:28 +0500 +05
E493A1E9051DFFE6F63870CDA87BA1EF,77007727858@s.whatsapp.net,text,–ê–ª–ª–æ,2024-06-12 22:37:33 +0500 +05
17814FFEE9A1BA8C4248A4B3FC0809BD,77007727858@s.whatsapp.net,text,–•–µ–ª–ª–æ,2024-06-12 22:37:36 +0500 +05
4705C2AB86CFA77C2859BD2D9595E790,77007727858@s.whatsapp.net,text,"Hello, this is a test message!",2024-06-12 22:37:46 +0500 +05
C01F6EB839C1DC3FC685B19F6E5B249F,77007727858@s.whatsapp.net,media,,2024-06-12 22:37:59 +0500 +05
40E65BDD891BAECD665C38C3A0FAA87C,77007727858@s.whatsapp.net,media,,2024-06-12 22:37:59 +0500 +05
17AA380EF65BD2FD87C6D637216C6202,77007727858@s.whatsapp.net,media,,2024-06-12 22:37:59 +0500 +05
A4FE7255D317AD4FD21F2277216F596C,77007727858@s.whatsapp.net,media,,2024-06-12 22:38:00 +0500 +05
92C345108FD317BFA9D24714D276F99F,77007727858@s.whatsapp.net,media,,2024-06-12 22:38:00 +0500 +05
A43E134DD81C9076D0E018B3D21A4E20,77007727858@s.whatsapp.net,media,,2024-06-12 22:38:48 +0500 +05
EA6559BB183CC3D71BA2CCF82C76A6DD,77007727858@s.whatsapp.net,image,media/image/EA6559BB183CC3D71BA2CCF82C76A6DD.jpe,2024-06-12 22:39:52 +0500 +05
923E136CE909DD81A417C837AA645BC4,77009809778@s.whatsapp.net,text,,2024-06-13 13:02:42 +0500 +05
545FE12D88C53457C0100AF31DCF8D2B,77009809778@s.whatsapp.net,text,,2024-06-13 13:02:39 +0500 +05
B44E2E6EFF130A7EBC21DFF32411F39F,77009809778@s.whatsapp.net,text,,2024-06-13 13:02:39 +0500 +05
45024A06725E0B749C3A25E3902EBFE3,77009809778@s.whatsapp.net,text,,2024-06-13 13:02:42 +0500 +05
A10EF98F320D7976D6F872C42B58A358,77009809778@s.whatsapp.net,text,,2024-06-13 13:02:42 +0500 +05
6DB5E23EBCB8019FC61B8E3F3C1B387C,77009809778@s.whatsapp.net,text,,2024-06-13 13:02:43 +0500 +05
AB59BD0582C803F8806C6D959E91114C,77009809778@s.whatsapp.net,text,,2024-06-13 13:03:04 +0500 +05
C0E9D2639EB7CE3DC80FAF005DBE2B88,77009809778@s.whatsapp.net,text,,2024-06-13 13:03:13 +0500 +05
52BC07C5BFAD9645102DE039CFC036C9,77009809778@s.whatsapp.net,text,,2024-06-13 13:03:22 +0500 +05
F3DA5D768FE8B80750F1BF26868827E6,77007727858@s.whatsapp.net,audio,media/audio/F3DA5D768FE8B80750F1BF26868827E6.ogg,2024-06-13 13:03:33 +0500 +05
CBA6B9C7F8AF425CCEFB487EE0F14C8C,77007727858@s.whatsapp.net,video,media/video/CBA6B9C7F8AF425CCEFB487EE0F14C8C.f4v,2024-06-13 13:04:38 +0500 +05
7E871BE56FC6E77CE3AFF94AC57529E3,77007727858@s.whatsapp.net,document,media/document/7E871BE56FC6E77CE3AFF94AC57529E3.pdf,2024-06-13 13:04:38 +0500 +05
3EB050B60A8D258418FBE2,77080292211:6@s.whatsapp.net in 77080292211@s.whatsapp.net,video,media/video/3EB050B60A8D258418FBE2.m4v,2024-06-13 13:26:57 +0500 +05
3AF38BC6AFA1467A6144,77754321532@s.whatsapp.net in status@broadcast,media,,2024-06-13 15:46:00 +0500 +05
3AF38BC6AFA1467A6144,77754321532@s.whatsapp.net in status@broadcast,image,media/image/3AF38BC6AFA1467A6144.jpe,2024-06-13 15:46:00 +0500 +05
3AB8CE40B5E4B9588C0B,77757205613@s.whatsapp.net,audio,media/audio/3AB8CE40B5E4B9588C0B.ogg,2024-06-13 15:50:48 +0500 +05
3ABF1967316354B8C29A,77757205613@s.whatsapp.net,audio,media/audio/3ABF1967316354B8C29A.ogg,2024-06-13 15:51:34 +0500 +05
59D6520DC2D0424442F8665FC00ED3CB,77009809778@s.whatsapp.net in 77757205613@s.whatsapp.net,text,,2024-06-13 16:12:41 +0500 +05
C764709C2784C5A8D0E022BD3706F020,77009809778@s.whatsapp.net in 77757205613@s.whatsapp.net,text,,2024-06-13 16:12:51 +0500 +05
3AC828814423C138BD28,77757205613@s.whatsapp.net,text,–í—Å–µ –∂–∞“õ—Å—ã,2024-06-13 16:22:53 +0500 +05
3A85CC5BCA71D04A1F23,77757205613@s.whatsapp.net,text,“ö–æ—Å—É –∫–µ—Ä–µ–∫ –ø–µ —Å–æ–ª –≥—Ä—É–ø–ø–∞“ì–∞ —Å—ñ–∑–¥–µ—Ä–¥—ñ? –ò–ª–∏ –±—ñ—Ä –∞–¥–∞–º “ì–∞–Ω–∞ –º–∞,2024-06-13 16:23:11 +0500 +05
6558C37CE6292612DC94B675A007C02D,77009809778@s.whatsapp.net in 77757205613@s.whatsapp.net,text,"—à—ã–Ω—ã–º–¥–∞ –∞–π—Ç—Å–∞–º 25–º—ã–Ω “õ—ã–º–±–∞—Ç –±–æ–ª—ã–ø —Ç“±—Ä –µ–¥—ñ, –ø–¥–¥ –∫—É—Ä—Å—Ç—ã“£ ”©–∑—ñ–Ω –∞–ª—ã–ø, —Å–µ—Ä—Ç–∏—Ñ–∏–∫–∞—Ç –∞–ª—É –º“Ø–º–∫—ñ–Ω –µ–º–µ—Å –ø–∞?",2024-06-13 16:31:42 +0500 +05
3AD95213A8303B9030C7,77757205613@s.whatsapp.net,text,–ñ–æ“õ ”©–∫—ñ–Ω—ñ—à–∫–µ –æ—Ä–∞–π,2024-06-13 16:41:09 +0500 +05
3A145BB884D90890EFFE,77757205613@s.whatsapp.net,text,,2024-06-13 16:41:22 +0500 +05
74610471931F8CF0C834D94A95F991B5,77007727858@s.whatsapp.net,text,,2024-06-13 18:18:36 +0500 +05
B1EED82259C1913101690EA3AA1A5812,77007727858@s.whatsapp.net,text,,2024-06-13 18:18:36 +0500 +05
8191F2C7DDF6B8107E463B7378533BCC,77007727858@s.whatsapp.net,text,,2024-06-13 18:18:38 +0500 +05
3AD851F5B93546526ADB737A97046FAB,77007727858@s.whatsapp.net,text,,2024-06-13 18:18:38 +0500 +05
F4773974B656206B9244C92C3D1BA87D,77007727858@s.whatsapp.net,text,,2024-06-13 18:18:38 +0500 +05
8C8202B33BC92439647AAD22997A81FC,77007727858@s.whatsapp.net,text,,2024-06-13 18:18:38 +0500 +05
012C324E2D8C7F842C1709971C6A0E6D,77007727858@s.whatsapp.net,audio,media/audio/012C324E2D8C7F842C1709971C6A0E6D.ogg,2024-06-13 18:18:55 +0500 +05
DB049B2D115713AE43B359C67962BFF6,77007727858@s.whatsapp.net,image,media/image/DB049B2D115713AE43B359C67962BFF6.jpe,2024-06-13 18:18:59 +0500 +05
467F061B220C1738B56E06BBAD8C1228,77007727858@s.whatsapp.net,audio,media/audio/467F061B220C1738B56E06BBAD8C1228.ogg,2024-06-13 18:19:00 +0500 +05
FE07DACF8FDDC05C5294596C711389D6,77007727858@s.whatsapp.net,video,media/video/FE07DACF8FDDC05C5294596C711389D6.m4v,2024-06-13 18:19:01 +0500 +05
4303DD13863F3100AA37D9CBA7FEBA6E,77007727858@s.whatsapp.net,document,media/document/4303DD13863F3100AA37D9CBA7FEBA6E.pdf,2024-06-13 18:19:01 +0500 +05
C58770E2F2DC7FE6EEA9D55940B08EB6,77007727858@s.whatsapp.net,text,Hello,2024-06-13 18:19:03 +0500 +05
5C856CDF2273F7AFAD71463750022D9F,77007727858@s.whatsapp.net,text,,2024-06-13 18:19:08 +0500 +05
826E1D7043AE5B3BBB966B80A117DC7D,77007727858@s.whatsapp.net,text,,2024-06-13 18:19:09 +0500 +05
7EEF048D18B8A2007F67C7D64DB1491F,77007727858@s.whatsapp.net,text,,2024-06-13 18:19:17 +0500 +05
6B60B64AF645101F1346606ACEB4C847,77007727858@s.whatsapp.net,text,,2024-06-14 15:18:12 +0500 +05
9864E044D8AFD84CF82DD7D817153679,77007727858@s.whatsapp.net,text,,2024-06-14 15:18:18 +0500 +05
37183B6771BC592AA8292BBD49DE9376,77007727858@s.whatsapp.net,text,,2024-06-14 15:18:20 +0500 +05
CCC20168667D06924C7A63136201EEFC,77007727858@s.whatsapp.net,text,,2024-06-14 15:18:20 +0500 +05
93470DAA83F7E521B5E41E98DBC2415B,77007727858@s.whatsapp.net,text,,2024-06-14 15:18:21 +0500 +05
34A1CAB613B1525B344D636362A2B383,77007727858@s.whatsapp.net,text,,2024-06-14 15:18:21 +0500 +05
5D60FE366DA95EEF05275E38C75C0D9A,77007727858@s.whatsapp.net,text,,2024-06-14 15:18:45 +0500 +05
AF26DA0D3055E795E3D7DDD285E86400,77007727858@s.whatsapp.net,text,,2024-06-14 15:18:57 +0500 +05
4C02822F4D01D5BDB8E8A2A0CA835389,77007727858@s.whatsapp.net,text,,2024-06-14 15:18:57 +0500 +05
1,3A8DA78A48FE5896B651,77016262255@s.whatsapp.net in 120363040086081273@g.us,reaction,,2024-06-14 15:38:07 +0500 +05
1,3A8DA78A48FE5896B651,77016262255@s.whatsapp.net in 120363040086081273@g.us,reaction,,2024-06-14 15:38:07 +0500 +05
1,3AA87B1E066C08E80913,77016262255@s.whatsapp.net in 120363040086081273@g.us,text,–°–ø–∞—Å–∏–±–æ ü´∞,2024-06-14 15:38:17 +0500 +05
1,A697C12D27B10C027886D2587A0B5961,77007727858@s.whatsapp.net in 996779000920@s.whatsapp.net,text,Okay,2024-06-14 15:43:37 +0500 +05
1,31CEC13760B55CE69EDF4FB8A647867E,77007727858@s.whatsapp.net in 996779000920@s.whatsapp.net,text,Which section ?,2024-06-14 15:43:44 +0500 +05
1,F2AA7A4AEC96CBC3F896711544D0CEA9,77007727858@s.whatsapp.net,document,media/document/F2AA7A4AEC96CBC3F896711544D0CEA9.pdf,2024-06-14 15:44:49 +0500 +05
1,E5EAFD2689E9D67E0F5A67CF1EDBDBF7,77007727858@s.whatsapp.net,audio,media/audio/E5EAFD2689E9D67E0F5A67CF1EDBDBF7.ogg,2024-06-14 15:44:50 +0500 +05
1,AF750E140FA7BC8FCA804A17548EB662,77007727858@s.whatsapp.net,audio,media/audio/AF750E140FA7BC8FCA804A17548EB662.ogg,2024-06-14 15:44:51 +0500 +05
1,BB76215EB6DC1DDC25A04010AE35E36B,77007727858@s.whatsapp.net,image,media/image/BB76215EB6DC1DDC25A04010AE35E36B.jpe,2024-06-14 15:44:51 +0500 +05
1,9D512B898B633AE94E609E90DFA48549,77007727858@s.whatsapp.net,video,media/video/9D512B898B633AE94E609E90DFA48549.m4v,2024-06-14 15:44:52 +0500 +05
1,E43DB622473C907A484F6B98E411F132,77007727858@s.whatsapp.net,document,media/document/E43DB622473C907A484F6B98E411F132.pdf,2024-06-14 15:44:53 +0500 +05
1,F581BB8D2E9832C7ED0F7D799BD4F8F3,77007727858@s.whatsapp.net,audio,media/audio/F581BB8D2E9832C7ED0F7D799BD4F8F3.ogg,2024-06-14 15:44:53 +0500 +05
1,E3328D7233855C9C6BA5E1E0181A6EAE,77007727858@s.whatsapp.net,image,media/image/E3328D7233855C9C6BA5E1E0181A6EAE.jpe,2024-06-14 15:44:54 +0500 +05
1,CFB4428AA897EDFAC64C1AD33C19E755,77007727858@s.whatsapp.net,text,"Hello, i want to buy your course",2024-06-14 15:45:04 +0500 +05
1,D11A39E714FDDD69EA9FC3925CED3515,77007727858@s.whatsapp.net,text,Can you answer me ?,2024-06-14 15:45:11 +0500 +05
1,A88CEAFC1350EF17A566592C00CA5369,77007727858@s.whatsapp.net,text,"–¶–∏—Ñ—Ä–ª—ã“õ –±—ñ–ª—ñ–º –±–µ—Ä—É–¥–µ “õ–∞—É—ñ–ø—Å—ñ–∑–¥—ñ–∫—Ç—ñ “õ–∞–º—Ç–∞–º–∞—Å—ã–∑ –µ—Ç—É “Ø—à—ñ–Ω –±—ñ—Ä–Ω–µ—à–µ –º–∞“£—ã–∑–¥—ã —à–∞—Ä–∞–ª–∞—Ä–¥—ã “±—Å—Ç–∞–Ω—É.–ê—Ç–∞–ø –∞–π—Ç–∞—Ç—ã–Ω –±–æ–ª—Å–∞“õ —à–∏—Ñ—Ä–ª–∞—É,–∫”©–ø —Ñ–∞–∫—Ç–æ—Ä–ª—ã –∞—É—Ç–µ–Ω—Ç–∏—Ñ–∏–∫–∞—Ü–∏—è –∂”ô–Ω–µ –±–∞“ì–¥–∞—Ä–ª–∞–º–∞–ª—ã“õ “õ“±—Ä–∞–ª–¥—ã –∂“Ø–π–µ–ª—ñ —Ç“Ø—Ä–¥—ñ –∂–∞“£–∞—Ä—Ç—É —Å–∏—è“õ—Ç—ã –∫–∏–±–µ—Ä“õ–∞—É—ñ–ø—Å—ñ–∑–¥—ñ–∫ –µ—Ä–µ–∂–µ–ª–µ—Ä—ñ–Ω “±—Å—Ç–∞–Ω“ì–∞–Ω –∂”©–Ω.–ñ”ô–Ω–µ –¥–µ –æ“õ—ã—Ç—É—à—ã–ª–∞—Ä —Ü–∏—Ñ—Ä–ª—ã“õ –±—ñ–ª—ñ–º –±–µ—Ä—É–≥–µ ”©—Ç–ø–µ—Å—Ç–µ–Ω –±“±—Ä—ã–Ω –æ“õ—É—à—ã–ª–∞—Ä“ì–∞ –∂–µ–ª—ñ–¥–µ–≥—ñ “õ–∞—É—ñ–ø—Å—ñ–∑–¥—ñ–∫,–∂–∞—É–∞–ø–∫–µ—Ä—à—ñ–ª—ñ–∫—Ç—ñ –∂”ô–Ω–µ –¥–µ —ã“õ—Ç–∏–º–∞–ª –±–æ–ª–∞—Ç—ã–Ω “õ–∞—É—ñ–ø—Ç–µ—Ä–¥—ñ —Ç–∞–Ω—É“ì–∞ “Ø–π—Ä–µ—Ç—É—ñ –∫–µ—Ä–µ–∫.–ë—ñ–ª—ñ–º –±–µ—Ä—É –º–µ–∫–µ–º–µ–ª–µ—Ä—ñ –¥–µ—Ä–µ–∫—Ç–µ—Ä–¥—ñ“£ “õ“±–ø–∏—è–ª—ã“ì—ã–Ω—ã“£ “õ–∞—Ç–∞“£ —Å–∞—è—Å–∞—Ç—ã–Ω “±—Å—Ç–∞–Ω—É“ì–∞ –º—ñ–Ω–¥–µ—Ç—Ç—ñ –∂”ô–Ω–µ –¥–µ “õ“±–ø–∏—è –∞“õ–ø–∞—Ä–∞—Ç—Ç—ã –±“±–∑—É—à—ã–ª—ã“õ—Ç–∞—Ä –º–µ–Ω –∫–∏–±–µ—Ä“õ–∞—É—ñ–ø—Ç–µ—Ä–¥–µ–Ω “õ–æ—Ä“ì–∞–Ω—É –º–∞“õ—Å–∞—Ç—ã–Ω–¥—ã “õ–∞—É—ñ–ø—Å—ñ–∑ –ø–ª–∞—Ç—Ñ–æ—Ä–º–∞–ª–∞—Ä–¥—ã “õ–æ–ª–¥–∞–Ω“ì–∞–Ω—ã –∞–±–∑–∞–ª –±–æ–ª–∞–¥—ã.",2024-06-14 15:45:44 +0500 +05
1,4900B8E5E894286D7F3AF6710145E940,77007727858@s.whatsapp.net in 996779000920@s.whatsapp.net,text,Lets writing?,2024-06-14 15:50:33 +0500 +05
1,CB7D0DAB90FCA7EF5C1933527895FBEA,77007727858@s.whatsapp.net in 996779000920@s.whatsapp.net,text,Firts part,2024-06-14 15:50:42 +0500 +05
1,02BCA5441D7D69194D70BEE7CBF8B33C,77007727858@s.whatsapp.net,text,"[6/14, 15:45] .: Can you answer me ?
[6/14, 15:45] .: –¶–∏—Ñ—Ä–ª—ã“õ –±—ñ–ª—ñ–º –±–µ—Ä—É–¥–µ “õ–∞—É—ñ–ø—Å—ñ–∑–¥—ñ–∫—Ç—ñ “õ–∞–º—Ç–∞–º–∞—Å—ã–∑ –µ—Ç—É “Ø—à—ñ–Ω –±—ñ—Ä–Ω–µ—à–µ –º–∞“£—ã–∑–¥—ã —à–∞—Ä–∞–ª–∞—Ä–¥—ã “±—Å—Ç–∞–Ω—É.–ê—Ç–∞–ø –∞–π—Ç–∞—Ç—ã–Ω –±–æ–ª—Å–∞“õ —à–∏—Ñ—Ä–ª–∞—É,–∫”©–ø —Ñ–∞–∫—Ç–æ—Ä–ª—ã –∞—É—Ç–µ–Ω—Ç–∏—Ñ–∏–∫–∞—Ü–∏—è –∂”ô–Ω–µ –±–∞“ì–¥–∞—Ä–ª–∞–º–∞–ª—ã“õ “õ“±—Ä–∞–ª–¥—ã –∂“Ø–π–µ–ª—ñ —Ç“Ø—Ä–¥—ñ –∂–∞“£–∞—Ä—Ç—É —Å–∏—è“õ—Ç—ã –∫–∏–±–µ—Ä“õ–∞—É—ñ–ø—Å—ñ–∑–¥—ñ–∫ –µ—Ä–µ–∂–µ–ª–µ—Ä—ñ–Ω “±—Å—Ç–∞–Ω“ì–∞–Ω –∂”©–Ω.–ñ”ô–Ω–µ –¥–µ –æ“õ—ã—Ç—É—à—ã–ª–∞—Ä —Ü–∏—Ñ—Ä–ª—ã“õ –±—ñ–ª—ñ–º –±–µ—Ä—É–≥–µ ”©—Ç–ø–µ—Å—Ç–µ–Ω –±“±—Ä—ã–Ω –æ“õ—É—à—ã–ª–∞—Ä“ì–∞ –∂–µ–ª—ñ–¥–µ–≥—ñ “õ–∞—É—ñ–ø—Å—ñ–∑–¥—ñ–∫,–∂–∞—É–∞–ø–∫–µ—Ä—à—ñ–ª—ñ–∫—Ç—ñ –∂”ô–Ω–µ –¥–µ —ã“õ—Ç–∏–º–∞–ª –±–æ–ª–∞—Ç—ã–Ω “õ–∞—É—ñ–ø—Ç–µ—Ä–¥—ñ —Ç–∞–Ω—É“ì–∞ “Ø–π—Ä–µ—Ç—É—ñ –∫–µ—Ä–µ–∫.–ë—ñ–ª—ñ–º –±–µ—Ä—É –º–µ–∫–µ–º–µ–ª–µ—Ä—ñ –¥–µ—Ä–µ–∫—Ç–µ—Ä–¥—ñ“£ “õ“±–ø–∏—è–ª—ã“ì—ã–Ω—ã“£ “õ–∞—Ç–∞“£ —Å–∞—è—Å–∞—Ç—ã–Ω “±—Å—Ç–∞–Ω—É“ì–∞ –º—ñ–Ω–¥–µ—Ç—Ç—ñ –∂”ô–Ω–µ –¥–µ “õ“±–ø–∏—è –∞“õ–ø–∞—Ä–∞—Ç—Ç—ã –±“±–∑—É—à—ã–ª—ã“õ—Ç–∞—Ä –º–µ–Ω –∫–∏–±–µ—Ä“õ–∞—É—ñ–ø—Ç–µ—Ä–¥–µ–Ω “õ–æ—Ä“ì–∞–Ω—É –º–∞“õ—Å–∞—Ç—ã–Ω–¥—ã “õ–∞—É—ñ–ø—Å—ñ–∑ –ø–ª–∞—Ç—Ñ–æ—Ä–º–∞–ª–∞—Ä–¥—ã “õ–æ–ª–¥–∞–Ω“ì–∞–Ω—ã –∞–±–∑–∞–ª –±–æ–ª–∞–¥—ã.",2024-06-14 16:14:23 +0500 +05
1,B59BA04400EF87E977AEFDBE2C2C740C,77007727858@s.whatsapp.net,document,media/document/B59BA04400EF87E977AEFDBE2C2C740C.pdf,2024-06-14 16:14:34 +0500 +05
1,ABD705757AD76C6411A5A396705485DE,77007727858@s.whatsapp.net,audio,media/audio/ABD705757AD76C6411A5A396705485DE.ogg,2024-06-14 16:14:34 +0500 +05
1,FA4F85906AB2B3F3C75942E7D2504747,77007727858@s.whatsapp.net,image,media/image/FA4F85906AB2B3F3C75942E7D2504747.jpe,2024-06-14 16:14:35 +0500 +05
1,C30835B99B59FF5E4B5BD638728FA9F3,77007727858@s.whatsapp.net,text,"Hello, i want to buy your course",2024-06-14 16:21:47 +0500 +05
1,251C709A856EA9F4AE67DA2B2EABCB97,77007727858@s.whatsapp.net,text,Can you answer me ?,2024-06-14 16:21:47 +0500 +05
1,2DCBD38442812010429B12F66E11975B,77007727858@s.whatsapp.net,text,"–¶–∏—Ñ—Ä–ª—ã“õ –±—ñ–ª—ñ–º –±–µ—Ä—É–¥–µ “õ–∞—É—ñ–ø—Å—ñ–∑–¥—ñ–∫—Ç—ñ “õ–∞–º—Ç–∞–º–∞—Å—ã–∑ –µ—Ç—É “Ø—à—ñ–Ω –±—ñ—Ä–Ω–µ—à–µ –º–∞“£—ã–∑–¥—ã —à–∞—Ä–∞–ª–∞—Ä–¥—ã “±—Å—Ç–∞–Ω—É.–ê—Ç–∞–ø –∞–π—Ç–∞—Ç—ã–Ω –±–æ–ª—Å–∞“õ —à–∏—Ñ—Ä–ª–∞—É,–∫”©–ø —Ñ–∞–∫—Ç–æ—Ä–ª—ã –∞—É—Ç–µ–Ω—Ç–∏—Ñ–∏–∫–∞—Ü–∏—è –∂”ô–Ω–µ –±–∞“ì–¥–∞—Ä–ª–∞–º–∞–ª—ã“õ “õ“±—Ä–∞–ª–¥—ã –∂“Ø–π–µ–ª—ñ —Ç“Ø—Ä–¥—ñ –∂–∞“£–∞—Ä—Ç—É —Å–∏—è“õ—Ç—ã –∫–∏–±–µ—Ä“õ–∞—É—ñ–ø—Å—ñ–∑–¥—ñ–∫ –µ—Ä–µ–∂–µ–ª–µ—Ä—ñ–Ω “±—Å—Ç–∞–Ω“ì–∞–Ω –∂”©–Ω.–ñ”ô–Ω–µ –¥–µ –æ“õ—ã—Ç—É—à—ã–ª–∞—Ä —Ü–∏—Ñ—Ä–ª—ã“õ –±—ñ–ª—ñ–º –±–µ—Ä—É–≥–µ ”©—Ç–ø–µ—Å—Ç–µ–Ω –±“±—Ä—ã–Ω –æ“õ—É—à—ã–ª–∞—Ä“ì–∞ –∂–µ–ª—ñ–¥–µ–≥—ñ “õ–∞—É—ñ–ø—Å—ñ–∑–¥—ñ–∫,–∂–∞—É–∞–ø–∫–µ—Ä—à—ñ–ª—ñ–∫—Ç—ñ –∂”ô–Ω–µ –¥–µ —ã“õ—Ç–∏–º–∞–ª –±–æ–ª–∞—Ç—ã–Ω “õ–∞—É—ñ–ø—Ç–µ—Ä–¥—ñ —Ç–∞–Ω—É“ì–∞ “Ø–π—Ä–µ—Ç—É—ñ –∫–µ—Ä–µ–∫.–ë—ñ–ª—ñ–º –±–µ—Ä—É –º–µ–∫–µ–º–µ–ª–µ—Ä—ñ –¥–µ—Ä–µ–∫—Ç–µ—Ä–¥—ñ“£ “õ“±–ø–∏—è–ª—ã“ì—ã–Ω—ã“£ “õ–∞—Ç–∞“£ —Å–∞—è—Å–∞—Ç—ã–Ω “±—Å—Ç–∞–Ω—É“ì–∞ –º—ñ–Ω–¥–µ—Ç—Ç—ñ –∂”ô–Ω–µ –¥–µ “õ“±–ø–∏—è –∞“õ–ø–∞—Ä–∞—Ç—Ç—ã –±“±–∑—É—à—ã–ª—ã“õ—Ç–∞—Ä –º–µ–Ω –∫–∏–±–µ—Ä“õ–∞—É—ñ–ø—Ç–µ—Ä–¥–µ–Ω “õ–æ—Ä“ì–∞–Ω—É –º–∞“õ—Å–∞—Ç—ã–Ω–¥—ã “õ–∞—É—ñ–ø—Å—ñ–∑ –ø–ª–∞—Ç—Ñ–æ—Ä–º–∞–ª–∞—Ä–¥—ã “õ–æ–ª–¥–∞–Ω“ì–∞–Ω—ã –∞–±–∑–∞–ª –±–æ–ª–∞–¥—ã.",2024-06-14 16:21:47 +0500 +05
1,DBC2AA14CF97724205935C50087874F3,77007727858@s.whatsapp.net,text,"[6/14, 15:45] .: Can you answer me ?
[6/14, 15:45] .: –¶–∏—Ñ—Ä–ª—ã“õ –±—ñ–ª—ñ–º –±–µ—Ä—É–¥–µ “õ–∞—É—ñ–ø—Å—ñ–∑–¥—ñ–∫—Ç—ñ “õ–∞–º—Ç–∞–º–∞—Å—ã–∑ –µ—Ç—É “Ø—à—ñ–Ω –±—ñ—Ä–Ω–µ—à–µ –º–∞“£—ã–∑–¥—ã —à–∞—Ä–∞–ª–∞—Ä–¥—ã “±—Å—Ç–∞–Ω—É.–ê—Ç–∞–ø –∞–π—Ç–∞—Ç—ã–Ω –±–æ–ª—Å–∞“õ —à–∏—Ñ—Ä–ª–∞—É,–∫”©–ø —Ñ–∞–∫—Ç–æ—Ä–ª—ã –∞—É—Ç–µ–Ω—Ç–∏—Ñ–∏–∫–∞—Ü–∏—è –∂”ô–Ω–µ –±–∞“ì–¥–∞—Ä–ª–∞–º–∞–ª—ã“õ “õ“±—Ä–∞–ª–¥—ã –∂“Ø–π–µ–ª—ñ —Ç“Ø—Ä–¥—ñ –∂–∞“£–∞—Ä—Ç—É —Å–∏—è“õ—Ç—ã –∫–∏–±–µ—Ä“õ–∞—É—ñ–ø—Å—ñ–∑–¥—ñ–∫ –µ—Ä–µ–∂–µ–ª–µ—Ä—ñ–Ω “±—Å—Ç–∞–Ω“ì–∞–Ω –∂”©–Ω.–ñ”ô–Ω–µ –¥–µ –æ“õ—ã—Ç—É—à—ã–ª–∞—Ä —Ü–∏—Ñ—Ä–ª—ã“õ –±—ñ–ª—ñ–º –±–µ—Ä—É–≥–µ ”©—Ç–ø–µ—Å—Ç–µ–Ω –±“±—Ä—ã–Ω –æ“õ—É—à—ã–ª–∞—Ä“ì–∞ –∂–µ–ª—ñ–¥–µ–≥—ñ “õ–∞—É—ñ–ø—Å—ñ–∑–¥—ñ–∫,–∂–∞—É–∞–ø–∫–µ—Ä—à—ñ–ª—ñ–∫—Ç—ñ –∂”ô–Ω–µ –¥–µ —ã“õ—Ç–∏–º–∞–ª –±–æ–ª–∞—Ç—ã–Ω “õ–∞—É—ñ–ø—Ç–µ—Ä–¥—ñ —Ç–∞–Ω—É“ì–∞ “Ø–π—Ä–µ—Ç—É—ñ –∫–µ—Ä–µ–∫.–ë—ñ–ª—ñ–º –±–µ—Ä—É –º–µ–∫–µ–º–µ–ª–µ—Ä—ñ –¥–µ—Ä–µ–∫—Ç–µ—Ä–¥—ñ“£ “õ“±–ø–∏—è–ª—ã“ì—ã–Ω—ã“£ “õ–∞—Ç–∞“£ —Å–∞—è—Å–∞—Ç—ã–Ω “±—Å—Ç–∞–Ω—É“ì–∞ –º—ñ–Ω–¥–µ—Ç—Ç—ñ –∂”ô–Ω–µ –¥–µ “õ“±–ø–∏—è –∞“õ–ø–∞—Ä–∞—Ç—Ç—ã –±“±–∑—É—à—ã–ª—ã“õ—Ç–∞—Ä –º–µ–Ω –∫–∏–±–µ—Ä“õ–∞—É—ñ–ø—Ç–µ—Ä–¥–µ–Ω “õ–æ—Ä“ì–∞–Ω—É –º–∞“õ—Å–∞—Ç—ã–Ω–¥—ã “õ–∞—É—ñ–ø—Å—ñ–∑ –ø–ª–∞—Ç—Ñ–æ—Ä–º–∞–ª–∞—Ä–¥—ã “õ–æ–ª–¥–∞–Ω“ì–∞–Ω—ã –∞–±–∑–∞–ª –±–æ–ª–∞–¥—ã.",2024-06-14 16:21:48 +0500 +05
1,10C23CDBBC2EB45B60C1E2588769BC33,77007727858@s.whatsapp.net,document,media/document/10C23CDBBC2EB45B60C1E2588769BC33.pdf,2024-06-14 16:21:48 +0500 +05
1,BD767BA0B6A0FF780A2638F88AAB17A7,77007727858@s.whatsapp.net,audio,media/audio/BD767BA0B6A0FF780A2638F88AAB17A7.ogg,2024-06-14 16:21:48 +0500 +05
1,3B9C2B937659C193ABDF71844CC216EF,77007727858@s.whatsapp.net,image,media/image/3B9C2B937659C193ABDF71844CC216EF.jpe,2024-06-14 16:21:49 +0500 +05
1,3A7D57DFABA24B43D25164E09DBF1BAC,77007727858@s.whatsapp.net,image,media/image/3A7D57DFABA24B43D25164E09DBF1BAC.jpe,2024-06-14 16:21:58 +0500 +05
1,D614A17592859443EE597EE2C2211F53,77007727858@s.whatsapp.net,text,"6/14, 15:45",2024-06-14 16:22:02 +0500 +05
1,4FB347F8866C1296E991D79D187EFD7B,77007727858@s.whatsapp.net,text,"–¶–∏—Ñ—Ä–ª—ã“õ –±—ñ–ª—ñ–º –±–µ—Ä—É–¥–µ “õ–∞—É—ñ–ø—Å—ñ–∑–¥—ñ–∫—Ç—ñ “õ–∞–º—Ç–∞–º–∞—Å—ã–∑ –µ—Ç—É “Ø—à—ñ–Ω –±—ñ—Ä–Ω–µ—à–µ –º–∞“£—ã–∑–¥—ã —à–∞—Ä–∞–ª–∞—Ä–¥—ã “±—Å—Ç–∞–Ω—É.–ê—Ç–∞–ø –∞–π—Ç–∞—Ç—ã–Ω –±–æ–ª—Å–∞“õ —à–∏—Ñ—Ä–ª–∞—É,–∫”©–ø —Ñ–∞–∫—Ç–æ—Ä–ª—ã –∞—É—Ç–µ–Ω—Ç–∏—Ñ–∏–∫–∞—Ü–∏—è –∂”ô–Ω–µ –±–∞“ì–¥–∞—Ä–ª–∞–º–∞–ª—ã“õ “õ“±—Ä–∞–ª–¥—ã –∂“Ø–π–µ–ª—ñ —Ç“Ø—Ä–¥—ñ –∂–∞“£–∞—Ä—Ç—É —Å–∏—è“õ—Ç—ã –∫–∏–±–µ—Ä“õ–∞—É—ñ–ø—Å—ñ–∑–¥—ñ–∫ –µ—Ä–µ–∂–µ–ª–µ—Ä—ñ–Ω “±—Å—Ç–∞–Ω“ì–∞–Ω –∂”©–Ω.–ñ”ô–Ω–µ –¥–µ –æ“õ—ã—Ç—É—à—ã–ª–∞—Ä —Ü–∏—Ñ—Ä–ª—ã“õ –±—ñ–ª—ñ–º –±–µ—Ä—É–≥–µ ”©—Ç–ø–µ—Å—Ç–µ–Ω –±“±—Ä—ã–Ω –æ“õ—É—à—ã–ª–∞—Ä“ì–∞ –∂–µ–ª—ñ–¥–µ–≥—ñ “õ–∞—É—ñ–ø—Å—ñ–∑–¥—ñ–∫,–∂–∞—É–∞–ø–∫–µ—Ä—à—ñ–ª—ñ–∫—Ç—ñ –∂”ô–Ω–µ –¥–µ —ã“õ—Ç–∏–º–∞–ª –±–æ–ª–∞—Ç—ã–Ω “õ–∞—É—ñ–ø—Ç–µ—Ä–¥—ñ —Ç–∞–Ω—É“ì–∞ “Ø–π—Ä–µ—Ç—É—ñ –∫–µ—Ä–µ–∫.–ë—ñ–ª—ñ–º –±–µ—Ä—É –º–µ–∫–µ–º–µ–ª–µ—Ä—ñ –¥–µ—Ä–µ–∫—Ç–µ—Ä–¥—ñ“£ “õ“±–ø–∏—è–ª—ã“ì—ã–Ω—ã“£ “õ–∞—Ç–∞“£ —Å–∞—è—Å–∞—Ç—ã–Ω “±—Å—Ç–∞–Ω—É“ì–∞ –º—ñ–Ω–¥–µ—Ç—Ç—ñ –∂”ô–Ω–µ –¥–µ “õ“±–ø–∏—è –∞“õ–ø–∞—Ä–∞—Ç—Ç—ã –±“±–∑—É—à—ã–ª—ã“õ—Ç–∞—Ä –º–µ–Ω –∫–∏–±–µ—Ä“õ–∞—É—ñ–ø—Ç–µ—Ä–¥–µ–Ω “õ–æ—Ä“ì–∞–Ω—É –º–∞“õ—Å–∞—Ç—ã–Ω–¥—ã “õ–∞—É—ñ–ø—Å—ñ–∑ –ø–ª–∞—Ç—Ñ–æ—Ä–º–∞–ª–∞—Ä–¥—ã “õ–æ–ª–¥–∞–Ω“ì–∞–Ω—ã –∞–±–∑–∞–ª –±–æ–ª–∞–¥—ã.",2024-06-14 16:28:17 +0500 +05
1,DC43137D0080B51F9BF608CD81A16CA5,77007727858@s.whatsapp.net,text,"[6/14, 15:45] .: Can you answer me ?
[6/14, 15:45] .: –¶–∏—Ñ—Ä–ª—ã“õ –±—ñ–ª—ñ–º –±–µ—Ä—É–¥–µ “õ–∞—É—ñ–ø—Å—ñ–∑–¥—ñ–∫—Ç—ñ “õ–∞–º—Ç–∞–º–∞—Å—ã–∑ –µ—Ç—É “Ø—à—ñ–Ω –±—ñ—Ä–Ω–µ—à–µ –º–∞“£—ã–∑–¥—ã —à–∞—Ä–∞–ª–∞—Ä–¥—ã “±—Å—Ç–∞–Ω—É.–ê—Ç–∞–ø –∞–π—Ç–∞—Ç—ã–Ω –±–æ–ª—Å–∞“õ —à–∏—Ñ—Ä–ª–∞—É,–∫”©–ø —Ñ–∞–∫—Ç–æ—Ä–ª—ã –∞—É—Ç–µ–Ω—Ç–∏—Ñ–∏–∫–∞—Ü–∏—è –∂”ô–Ω–µ –±–∞“ì–¥–∞—Ä–ª–∞–º–∞–ª—ã“õ “õ“±—Ä–∞–ª–¥—ã –∂“Ø–π–µ–ª—ñ —Ç“Ø—Ä–¥—ñ –∂–∞“£–∞—Ä—Ç—É —Å–∏—è“õ—Ç—ã –∫–∏–±–µ—Ä“õ–∞—É—ñ–ø—Å—ñ–∑–¥—ñ–∫ –µ—Ä–µ–∂–µ–ª–µ—Ä—ñ–Ω “±—Å—Ç–∞–Ω“ì–∞–Ω –∂”©–Ω.–ñ”ô–Ω–µ –¥–µ –æ“õ—ã—Ç—É—à—ã–ª–∞—Ä —Ü–∏—Ñ—Ä–ª—ã“õ –±—ñ–ª—ñ–º –±–µ—Ä—É–≥–µ ”©—Ç–ø–µ—Å—Ç–µ–Ω –±“±—Ä—ã–Ω –æ“õ—É—à—ã–ª–∞—Ä“ì–∞ –∂–µ–ª—ñ–¥–µ–≥—ñ “õ–∞—É—ñ–ø—Å—ñ–∑–¥—ñ–∫,–∂–∞—É–∞–ø–∫–µ—Ä—à—ñ–ª—ñ–∫—Ç—ñ –∂”ô–Ω–µ –¥–µ —ã“õ—Ç–∏–º–∞–ª –±–æ–ª–∞—Ç—ã–Ω “õ–∞—É—ñ–ø—Ç–µ—Ä–¥—ñ —Ç–∞–Ω—É“ì–∞ “Ø–π—Ä–µ—Ç—É—ñ –∫–µ—Ä–µ–∫.–ë—ñ–ª—ñ–º –±–µ—Ä—É –º–µ–∫–µ–º–µ–ª–µ—Ä—ñ –¥–µ—Ä–µ–∫—Ç–µ—Ä–¥—ñ“£ “õ“±–ø–∏—è–ª—ã“ì—ã–Ω—ã“£ “õ–∞—Ç–∞“£ —Å–∞—è—Å–∞—Ç—ã–Ω “±—Å—Ç–∞–Ω—É“ì–∞ –º—ñ–Ω–¥–µ—Ç—Ç—ñ –∂”ô–Ω–µ –¥–µ “õ“±–ø–∏—è –∞“õ–ø–∞—Ä–∞—Ç—Ç—ã –±“±–∑—É—à—ã–ª—ã“õ—Ç–∞—Ä –º–µ–Ω –∫–∏–±–µ—Ä“õ–∞—É—ñ–ø—Ç–µ—Ä–¥–µ–Ω “õ–æ—Ä“ì–∞–Ω—É –º–∞“õ—Å–∞—Ç—ã–Ω–¥—ã “õ–∞—É—ñ–ø—Å—ñ–∑ –ø–ª–∞—Ç—Ñ–æ—Ä–º–∞–ª–∞—Ä–¥—ã “õ–æ–ª–¥–∞–Ω“ì–∞–Ω—ã –∞–±–∑–∞–ª –±–æ–ª–∞–¥—ã.",2024-06-14 16:28:19 +0500 +05
1,8F44885E2DD25E860C7EA7DE1EC168E1,77007727858@s.whatsapp.net,text,"6/14, 15:45",2024-06-14 16:28:19 +0500 +05
1,F97A65C7C79DB66E5272ECA8A179E537,77007727858@s.whatsapp.net,document,media/document/F97A65C7C79DB66E5272ECA8A179E537.pdf,2024-06-14 16:28:20 +0500 +05
1,DCA8390229E465F7D8837079816C2DFA,77007727858@s.whatsapp.net,audio,media/audio/DCA8390229E465F7D8837079816C2DFA.ogg,2024-06-14 16:28:20 +0500 +05
1,5C7D738515B586F80157919FFFA6C21B,77007727858@s.whatsapp.net,image,media/image/5C7D738515B586F80157919FFFA6C21B.jpe,2024-06-14 16:28:20 +0500 +05
1,8B91639E696664151BF14B5A3F38630B,77007727858@s.whatsapp.net,image,media/image/8B91639E696664151BF14B5A3F38630B.jpe,2024-06-14 16:28:21 +0500 +05
2,CC14A3DBA7AF9AC1BE09FC9D4362306C,77007727858@s.whatsapp.net,text,"[6/14, 15:45] .: Can you answer me ?
[6/14, 15:45] .: –¶–∏—Ñ—Ä–ª—ã“õ –±—ñ–ª—ñ–º –±–µ—Ä—É–¥–µ “õ–∞—É—ñ–ø—Å—ñ–∑–¥—ñ–∫—Ç—ñ “õ–∞–º—Ç–∞–º–∞—Å—ã–∑ –µ—Ç—É “Ø—à—ñ–Ω –±—ñ—Ä–Ω–µ—à–µ –º–∞“£—ã–∑–¥—ã —à–∞—Ä–∞–ª–∞—Ä–¥—ã “±—Å—Ç–∞–Ω—É.–ê—Ç–∞–ø –∞–π—Ç–∞—Ç—ã–Ω –±–æ–ª—Å–∞“õ —à–∏—Ñ—Ä–ª–∞—É,–∫”©–ø —Ñ–∞–∫—Ç–æ—Ä–ª—ã –∞—É—Ç–µ–Ω—Ç–∏—Ñ–∏–∫–∞—Ü–∏—è –∂”ô–Ω–µ –±–∞“ì–¥–∞—Ä–ª–∞–º–∞–ª—ã“õ “õ“±—Ä–∞–ª–¥—ã –∂“Ø–π–µ–ª—ñ —Ç“Ø—Ä–¥—ñ –∂–∞“£–∞—Ä—Ç—É —Å–∏—è“õ—Ç—ã –∫–∏–±–µ—Ä“õ–∞—É—ñ–ø—Å—ñ–∑–¥—ñ–∫ –µ—Ä–µ–∂–µ–ª–µ—Ä—ñ–Ω “±—Å—Ç–∞–Ω“ì–∞–Ω –∂”©–Ω.–ñ”ô–Ω–µ –¥–µ –æ“õ—ã—Ç—É—à—ã–ª–∞—Ä —Ü–∏—Ñ—Ä–ª—ã“õ –±—ñ–ª—ñ–º –±–µ—Ä—É–≥–µ ”©—Ç–ø–µ—Å—Ç–µ–Ω –±“±—Ä—ã–Ω –æ“õ—É—à—ã–ª–∞—Ä“ì–∞ –∂–µ–ª—ñ–¥–µ–≥—ñ “õ–∞—É—ñ–ø—Å—ñ–∑–¥—ñ–∫,–∂–∞—É–∞–ø–∫–µ—Ä—à—ñ–ª—ñ–∫—Ç—ñ –∂”ô–Ω–µ –¥–µ —ã“õ—Ç–∏–º–∞–ª –±–æ–ª–∞—Ç—ã–Ω “õ–∞—É—ñ–ø—Ç–µ—Ä–¥—ñ —Ç–∞–Ω—É“ì–∞ “Ø–π—Ä–µ—Ç—É—ñ –∫–µ—Ä–µ–∫.–ë—ñ–ª—ñ–º –±–µ—Ä—É –º–µ–∫–µ–º–µ–ª–µ—Ä—ñ –¥–µ—Ä–µ–∫—Ç–µ—Ä–¥—ñ“£ “õ“±–ø–∏—è–ª—ã“ì—ã–Ω—ã“£ “õ–∞—Ç–∞“£ —Å–∞—è—Å–∞—Ç—ã–Ω “±—Å—Ç–∞–Ω—É“ì–∞ –º—ñ–Ω–¥–µ—Ç—Ç—ñ –∂”ô–Ω–µ –¥–µ “õ“±–ø–∏—è –∞“õ–ø–∞—Ä–∞—Ç—Ç—ã –±“±–∑—É—à—ã–ª—ã“õ—Ç–∞—Ä –º–µ–Ω –∫–∏–±–µ—Ä“õ–∞—É—ñ–ø—Ç–µ—Ä–¥–µ–Ω “õ–æ—Ä“ì–∞–Ω—É –º–∞“õ—Å–∞—Ç—ã–Ω–¥—ã “õ–∞—É—ñ–ø—Å—ñ–∑ –ø–ª–∞—Ç—Ñ–æ—Ä–º–∞–ª–∞—Ä–¥—ã “õ–æ–ª–¥–∞–Ω“ì–∞–Ω—ã –∞–±–∑–∞–ª –±–æ–ª–∞–¥—ã.",2024-06-14 16:36:51 +0500 +05
2,A5229F683EEC128FE020DA81D92A42B2,77007727858@s.whatsapp.net,text,"6/14, 15:45",2024-06-14 16:36:51 +0500 +05
2,4FA837F47336B7550F69B4A444040EEE,77007727858@s.whatsapp.net,document,media/document/4FA837F47336B7550F69B4A444040EEE.pdf,2024-06-14 16:36:52 +0500 +05
2,76C597F12D29D2DDFB2A5E042D0F10DA,77007727858@s.whatsapp.net,audio,media/audio/76C597F12D29D2DDFB2A5E042D0F10DA.ogg,2024-06-14 16:36:52 +0500 +05
2,02638AFBFED4D564D299FD7773591B00,77007727858@s.whatsapp.net,image,media/image/02638AFBFED4D564D299FD7773591B00.jpe,2024-06-14 16:36:52 +0500 +05
2,CA11EFF0B0E9B0358104694B22048EED,77007727858@s.whatsapp.net,image,media/image/CA11EFF0B0E9B0358104694B22048EED.jpe,2024-06-14 16:36:53 +0500 +05
